epoch,accuracy
epoch-0,0.560930735930736
epoch-1,0.624512987012987
epoch-2,0.6848484848484848
epoch-3,0.7262987012987013
epoch-4,0.7613095238095238
